STATES,BASIN,LONGITUDE,LATITUDE, ID STN (2016),ID STN BARU,LOCATION,Freq,SUNGAI,SMP-DAT,Time,"DO
% Sat","DO 
mg/l","BOD
mg/l","COD
mg/l","SS
mg/l",pH,"NH3-N
mg/l","TEMP
 °C",WQI,CLASS,"RIVER
STATUS"
SELANGOR,KLANG,101.750134,3.232191,1K45,2BKLG005,KLANG GATE,2,KLANG,10/1/2019,1:02:00 PM,115.633,8.692,3,13,3,7.114,0.37,30.32,89,II,Clean
SELANGOR,KLANG,101.750134,3.232191,1K45,2BKLG005,KLANG GATE,3,KLANG,12/3/2019,12:11:00 PM,148.19,10.792,3,13,3,6.927,0.09,32.173,93,I,Clean
SELANGOR,KLANG,101.750134,3.232191,1K45,2BKLG005,KLANG GATE,4,KLANG,10/5/2019,3:53:00 PM,112.915,8.045,4,15,4,7.398,0.39,33.486,87,II,Clean
SELANGOR,KLANG,101.750134,3.232191,1K45,2BKLG005,KLANG GATE,5,KLANG,11/7/2019,11:19:00 AM,116.977,8.734,4,14,7,7.196,0.31,30.653,88,II,Clean
SELANGOR,KLANG,101.750134,3.232191,1K45,2BKLG005,KLANG GATE,6,KLANG,11/9/2019,12:09:00 PM,117.331,8.684,5,15,4,7.143,0.38,31.225,87,II,Clean
SELANGOR,KLANG,101.750134,3.232191,1K45,2BKLG005,KLANG GATE,1,KLANG,7/11/2019,12:46:00 PM,101.12,7.733,4,14,34,6.917,0.12,29.324,88,II,Clean
SELANGOR,KLANG,101.755936,3.206971,1K46,2BKLG006,ZOO LUAR,2,KLANG,10/1/2019,11:48:00 AM,76.415,5.763,6,15,18,7.093,2.8,30.116,74,III,Slightly Polluted
SELANGOR,KLANG,101.755936,3.206971,1K46,2BKLG006,ZOO LUAR,3,KLANG,12/3/2019,10:57:00 AM,77.244,5.805,4,14,27,7.649,2.32,30.323,76,III,Slightly Polluted
SELANGOR,KLANG,101.755936,3.206971,1K46,2BKLG006,ZOO LUAR,4,KLANG,10/5/2019,2:17:00 PM,65.079,4.828,4,16,26,7.368,2.89,31.057,71,III,Slightly Polluted
SELANGOR,KLANG,101.755936,3.206971,1K46,2BKLG006,ZOO LUAR,5,KLANG,11/7/2019,10:38:00 AM,73.471,5.659,4,14,6,6.918,0.94,28.958,81,II,Clean
SELANGOR,KLANG,101.755936,3.206971,1K46,2BKLG006,ZOO LUAR,6,KLANG,11/9/2019,10:56:00 AM,64.606,4.961,5,16,7,7.598,3.33,29.075,71,III,Slightly Polluted
SELANGOR,KLANG,101.755936,3.206971,1K46,2BKLG006,ZOO LUAR,1,KLANG,7/11/2019,11:34:00 AM,86.831,6.699,6,18,31,7.57,0.79,28.82,80,II,Slightly Polluted
SELANGOR,KLANG,101.376878,3.016563,1K01,2BKLG016,NORTHPORT,2,KLANG,7/1/2019,11:08:00 AM,33.467,2.432,13,26,163,6.787,4.83,29.801,47,IV,Polluted
SELANGOR,KLANG,101.376878,3.016563,1K01,2BKLG016,NORTHPORT,3,KLANG,7/3/2019,9:41:00 AM,46.026,3.201,6,24,130,7.243,3.9,30.353,56,III,Polluted
SELANGOR,KLANG,101.376878,3.016563,1K01,2BKLG016,NORTHPORT,4,KLANG,7/5/2019,9:56:00 AM,31.882,2.213,8,25,99,6.86,2.22,31.006,54,III,Polluted
SELANGOR,KLANG,101.376878,3.016563,1K01,2BKLG016,NORTHPORT,5,KLANG,8/7/2019,10:40:00 AM,68.058,4.493,5,21,18,7.456,0.95,30.604,76,III,Slightly Polluted
SELANGOR,KLANG,101.376878,3.016563,1K01,2BKLG016,NORTHPORT,6,KLANG,6/9/2019,10:37:00 AM,50.569,3.427,6,24,55,7.43,1.49,30.087,65,III,Slightly Polluted
SELANGOR,KLANG,101.376878,3.016563,1K01,2BKLG016,NORTHPORT,1,KLANG,6/11/2019,10:25:00 AM,44.243,3.213,6,20,54,7.529,3.75,30.743,58,III,Polluted
SELANGOR,KLANG,101.446625,3.045897,1K02,2BKLG022,BANDAR KLANG,2,KLANG,7/1/2019,11:46:00 AM,47.477,3.599,7,23,747,7.52,5.94,29.769,49,IV,Polluted
SELANGOR,KLANG,101.446625,3.045897,1K02,2BKLG022,BANDAR KLANG,3,KLANG,7/3/2019,10:13:00 AM,39.797,2.976,18,26,293,7.706,7.66,30.626,43,IV,Polluted
SELANGOR,KLANG,101.446625,3.045897,1K02,2BKLG022,BANDAR KLANG,4,KLANG,7/5/2019,10:26:00 AM,31.351,2.336,11,28,86,7.908,5.11,30.764,47,IV,Polluted
SELANGOR,KLANG,101.446625,3.045897,1K02,2BKLG022,BANDAR KLANG,5,KLANG,8/7/2019,11:11:00 AM,34.759,2.703,5,23,33,7.97,2.37,28.303,59,III,Polluted
SELANGOR,KLANG,101.446625,3.045897,1K02,2BKLG022,BANDAR KLANG,6,KLANG,6/9/2019,11:24:00 AM,30.654,2.325,7,28,24,7.414,3.63,29.737,55,III,Polluted
SELANGOR,KLANG,101.446625,3.045897,1K02,2BKLG022,BANDAR KLANG,1,KLANG,6/11/2019,11:50:00 AM,38.289,2.901,6,23,20,7.891,3.74,29.8,58,III,Polluted
SELANGOR,KLANG,101.472604,3.042362,1K03,2BKLG023,TNB CONOUGHT,2,KLANG,7/1/2019,12:30:00 PM,40.567,3.073,11,36,399,7.392,6.32,29.823,45,IV,Polluted
SELANGOR,KLANG,101.472604,3.042362,1K03,2BKLG023,TNB CONOUGHT,3,KLANG,7/3/2019,12:24:00 PM,35.51,2.634,15,32,104,7.373,8.54,31.024,46,IV,Polluted
SELANGOR,KLANG,101.472604,3.042362,1K03,2BKLG023,TNB CONOUGHT,4,KLANG,7/5/2019,11:05:00 AM,26.716,1.99,15,34,65,7.597,4.8,30.798,44,IV,Polluted
SELANGOR,KLANG,101.472604,3.042362,1K03,2BKLG023,TNB CONOUGHT,5,KLANG,8/7/2019,11:38:00 AM,29.912,2.325,8,30,31,7.746,2.5,28.371,55,III,Polluted
SELANGOR,KLANG,101.472604,3.042362,1K03,2BKLG023,TNB CONOUGHT,6,KLANG,6/9/2019,11:44:00 AM,44.039,3.334,9,35,16,7.131,3.42,29.852,58,III,Polluted
SELANGOR,KLANG,101.472604,3.042362,1K03,2BKLG023,TNB CONOUGHT,1,KLANG,6/11/2019,12:43:00 PM,31.008,2.349,9,30,21,7.615,3.86,29.824,53,III,Polluted
SELANGOR,KLANG,101.550903,3.029567,1K04,2BKLG024,HICOM,2,KLANG,7/1/2019,2:44:00 PM,30.187,2.308,10,20,28,7.31,4.63,29.324,53,III,Polluted
SELANGOR,KLANG,101.550903,3.029567,1K04,2BKLG024,HICOM,3,KLANG,7/3/2019,1:26:00 PM,37.16,2.788,13,23,34,7.386,8.72,30.384,52,III,Polluted
SELANGOR,KLANG,101.550903,3.029567,1K04,2BKLG024,HICOM,4,KLANG,7/5/2019,2:19:00 PM,47.449,3.583,7,21,41,7.473,6.51,30.019,59,III,Polluted
SELANGOR,KLANG,101.550903,3.029567,1K04,2BKLG024,HICOM,5,KLANG,8/7/2019,1:21:00 PM,31.506,2.424,6,23,26,7.465,4.83,28.927,56,III,Polluted
SELANGOR,KLANG,101.550903,3.029567,1K04,2BKLG024,HICOM,6,KLANG,6/9/2019,2:17:00 PM,35.651,2.688,6,23,26,7.525,7.07,30.1,57,III,Polluted
SELANGOR,KLANG,101.550903,3.029567,1K04,2BKLG024,HICOM,1,KLANG,6/11/2019,2:46:00 PM,52.854,4.065,7,21,56,7.606,3.61,28.965,61,III,Slightly Polluted
SELANGOR,KLANG,101.596586,3.020628,1K05,2BKLG034,PUCHONG,2,KLANG,7/1/2019,3:38:00 PM,48.174,3.67,14,31,26,7.375,6.97,29.511,55,III,Polluted
SELANGOR,KLANG,101.596586,3.020628,1K05,2BKLG034,PUCHONG,3,KLANG,7/3/2019,2:47:00 PM,37.806,2.844,6,29,17,7.473,8.57,30.232,58,III,Polluted
SELANGOR,KLANG,101.596586,3.020628,1K05,2BKLG034,PUCHONG,4,KLANG,7/5/2019,3:20:00 PM,41.576,3.128,10,30,46,7.396,6.09,30.242,53,III,Polluted
SELANGOR,KLANG,101.596586,3.020628,1K05,2BKLG034,PUCHONG,5,KLANG,8/7/2019,2:05:00 PM,30.28,2.324,7,28,19,7.422,4.92,29.084,55,III,Polluted
SELANGOR,KLANG,101.596586,3.020628,1K05,2BKLG034,PUCHONG,6,KLANG,6/9/2019,2:54:00 PM,31.618,2.378,9,31,23,7.404,6.92,30.257,53,III,Polluted
SELANGOR,KLANG,101.596586,3.020628,1K05,2BKLG034,PUCHONG,1,KLANG,6/11/2019,3:23:00 PM,46.562,3.582,9,29,31,7.519,3.82,28.961,57,III,Polluted
SELANGOR,KLANG,101.534036,3.038944,1K40,2BKLG050,SEKSYEN 25 SHAH ALAM OVITA OIL,2,KLANG,7/1/2019,1:36:00 PM,35.787,2.727,15,33,150,7.191,3.18,29.496,47,IV,Polluted
SELANGOR,KLANG,101.534036,3.038944,1K40,2BKLG050,SEKSYEN 25 SHAH ALAM OVITA OIL,3,KLANG,7/3/2019,12:28:00 PM,35.165,2.62,23,31,123,7.29,10.6,30.796,42,IV,Polluted
SELANGOR,KLANG,101.534036,3.038944,1K40,2BKLG050,SEKSYEN 25 SHAH ALAM OVITA OIL,4,KLANG,7/5/2019,12:44:00 PM,41.541,3.101,15,29,437,7.111,4.59,30.689,44,IV,Polluted
SELANGOR,KLANG,101.534036,3.038944,1K40,2BKLG050,SEKSYEN 25 SHAH ALAM OVITA OIL,5,KLANG,8/7/2019,12:16:00 PM,47.797,3.633,9,33,58,7.475,3.5,29.649,56,III,Polluted
SELANGOR,KLANG,101.534036,3.038944,1K40,2BKLG050,SEKSYEN 25 SHAH ALAM OVITA OIL,6,KLANG,6/9/2019,12:47:00 PM,45.058,3.374,10,38,79,7.465,5.31,30.496,51,IV,Polluted
SELANGOR,KLANG,101.534036,3.038944,1K40,2BKLG050,SEKSYEN 25 SHAH ALAM OVITA OIL,1,KLANG,6/11/2019,1:21:00 PM,38.154,2.915,8,28,82,7.444,3.4,29.345,53,III,Polluted
WPKL,KLANG,101.664382,3.082549,1K06,2WKLG001,BALAI POLIS PETALING,2,KLANG,9/1/2019,1:03:00 PM,49.78,3.776,11,26,50,7.41,9.53,29.759,56,III,Polluted
WPKL,KLANG,101.664382,3.082549,1K06,2WKLG001,BALAI POLIS PETALING,3,KLANG,14/3/2019,12:07:00 PM,36.504,2.738,15,29,476,7.651,7.59,30.401,41,IV,Polluted
WPKL,KLANG,101.664382,3.082549,1K06,2WKLG001,BALAI POLIS PETALING,4,KLANG,9/5/2019,1:10:00 PM,43.401,3.308,8,30,32,7.287,7.02,29.487,57,III,Polluted
WPKL,KLANG,101.664382,3.082549,1K06,2WKLG001,BALAI POLIS PETALING,5,KLANG,10/7/2019,11:07:00 AM,55.095,4.227,9,27,32,7.465,4.66,29.114,60,III,Slightly Polluted
WPKL,KLANG,101.664382,3.082549,1K06,2WKLG001,BALAI POLIS PETALING,6,KLANG,10/9/2019,12:35:00 PM,44.933,3.4,9,30,33,7.413,3.19,29.893,57,III,Polluted
WPKL,KLANG,101.664382,3.082549,1K06,2WKLG001,BALAI POLIS PETALING,1,KLANG,13/11/2019,1:02:00 PM,61.739,4.765,9,26,59,7.659,4.32,28.774,60,III,Slightly Polluted
WPKL,KLANG,101.694807,3.138222,1K07,2WKLG002,JALAN SULTAN SULAIMAN,2,KLANG,14/1/2019,11:40:00 AM,95.049,7.298,6,15,33,7.38,5.37,29.067,74,III,Slightly Polluted
WPKL,KLANG,101.694807,3.138222,1K07,2WKLG002,JALAN SULTAN SULAIMAN,3,KLANG,8/3/2019,11:28:00 AM,59.058,4.425,4,14,57,7.412,4.74,30.473,65,III,Slightly Polluted
WPKL,KLANG,101.694807,3.138222,1K07,2WKLG002,JALAN SULTAN SULAIMAN,4,KLANG,14/5/2019,10:14:00 AM,36.727,2.782,5,16,31,7.395,6.77,29.845,59,III,Polluted
WPKL,KLANG,101.694807,3.138222,1K07,2WKLG002,JALAN SULTAN SULAIMAN,5,KLANG,10/7/2019,1:54:00 PM,56.976,4.344,5,18,40,7.459,3.99,29.467,64,III,Slightly Polluted
WPKL,KLANG,101.694807,3.138222,1K07,2WKLG002,JALAN SULTAN SULAIMAN,6,KLANG,16/9/2019,11:08:00 AM,43.858,3.447,6,19,28,7.634,6.6,27.709,60,III,Slightly Polluted
WPKL,KLANG,101.694807,3.138222,1K07,2WKLG002,JALAN SULTAN SULAIMAN,1,KLANG,12/11/2019,2:22:00 PM,57.599,4.417,10,23,74,7.623,2.99,29.138,60,III,Slightly Polluted
WPKL,KLANG,101.701133,3.155487,1K08,2WKLG003,DANG WANGI,2,KLANG,14/1/2019,12:46:00 PM,92.935,7.124,5,18,14,7.468,5.09,29.159,75,III,Slightly Polluted
WPKL,KLANG,101.701133,3.155487,1K08,2WKLG003,DANG WANGI,3,KLANG,8/3/2019,12:06:00 PM,57.594,4.296,7,20,141,7.286,4.7,30.745,60,III,Slightly Polluted
WPKL,KLANG,101.701133,3.155487,1K08,2WKLG003,DANG WANGI,4,KLANG,14/5/2019,10:53:00 AM,27.363,2.055,5,21,74,7.257,6.39,30.347,52,III,Polluted
WPKL,KLANG,101.701133,3.155487,1K08,2WKLG003,DANG WANGI,5,KLANG,10/7/2019,2:39:00 PM,47.762,3.641,8,23,60,7.385,3.89,29.482,57,III,Polluted
WPKL,KLANG,101.701133,3.155487,1K08,2WKLG003,DANG WANGI,6,KLANG,16/9/2019,11:37:00 AM,38.772,3.038,7,25,23,7.438,6.1,27.949,57,III,Polluted
WPKL,KLANG,101.701133,3.155487,1K08,2WKLG003,DANG WANGI,1,KLANG,12/11/2019,3:23:00 PM,55.073,4.225,12,28,99,7.623,2.86,29.116,56,III,Polluted
WPKL,KLANG,101.676438,3.12083,1K25,2WKLG004,KG.ABDULLAH HUKUM,2,KLANG,14/1/2019,11:03:00 AM,51.017,3.955,6,17,48,7.134,4.9,28.512,62,III,Slightly Polluted
WPKL,KLANG,101.676438,3.12083,1K25,2WKLG004,KG.ABDULLAH HUKUM,3,KLANG,8/3/2019,10:33:00 AM,30.856,2.383,6,16,54,6.978,4.53,28.735,55,III,Polluted
WPKL,KLANG,101.676438,3.12083,1K25,2WKLG004,KG.ABDULLAH HUKUM,4,KLANG,23/4/2019,11:52:00 AM,24.829,1.905,6,18,18,7.221,4.7,29.108,56,III,Polluted
WPKL,KLANG,101.676438,3.12083,1K25,2WKLG004,KG.ABDULLAH HUKUM,5,KLANG,10/7/2019,12:44:00 PM,52.528,4.061,4,16,18,7.353,3.56,28.681,66,III,Slightly Polluted
WPKL,KLANG,101.676438,3.12083,1K25,2WKLG004,KG.ABDULLAH HUKUM,6,KLANG,16/9/2019,10:43:00 AM,41.055,3.221,6,18,29,7.622,6.1,27.847,59,III,Polluted
WPKL,KLANG,101.676438,3.12083,1K25,2WKLG004,KG.ABDULLAH HUKUM,1,KLANG,13/11/2019,11:49:00 AM,60.5,4.747,6,19,65,7.561,3.06,27.839,65,III,Slightly Polluted
WPKL,KLANG,101.73497,3.164633,1K09,2WKLG049,BERHAMPIRAN BALAI BOMBA KERAMAT,2,KLANG,14/1/2019,2:32:00 PM,75.485,5.714,11,25,14,7.499,8.1,29.87,67,III,Slightly Polluted
WPKL,KLANG,101.73497,3.164633,1K09,2WKLG049,BERHAMPIRAN BALAI BOMBA KERAMAT,3,KLANG,8/3/2019,2:22:00 PM,78.715,5.774,7,26,58,7.585,10.5,31.704,67,III,Slightly Polluted
WPKL,KLANG,101.73497,3.164633,1K09,2WKLG049,BERHAMPIRAN BALAI BOMBA KERAMAT,4,KLANG,14/5/2019,12:30:00 PM,61.022,4.552,7,28,45,7.504,7.79,30.724,62,III,Slightly Polluted
WPKL,KLANG,101.73497,3.164633,1K09,2WKLG049,BERHAMPIRAN BALAI BOMBA KERAMAT,5,KLANG,12/7/2019,10:49:00 AM,69.13,5.265,10,32,31,7.6,5.5,29.529,63,III,Slightly Polluted
WPKL,KLANG,101.73497,3.164633,1K09,2WKLG049,BERHAMPIRAN BALAI BOMBA KERAMAT,6,KLANG,16/9/2019,1:37:00 PM,63.094,4.91,9,34,57,8.055,6.03,28.299,59,III,Polluted
WPKL,KLANG,101.73497,3.164633,1K09,2WKLG049,BERHAMPIRAN BALAI BOMBA KERAMAT,1,KLANG,12/11/2019,11:15:00 AM,72.926,5.697,8,32,57,7.567,4.3,28.098,63,III,Slightly Polluted
SELANGOR,KLANG,101.750134,3.232191,1K45,2BKLG005,KLANG GATE,2,KLANG,7/1/2020,11:29:00 AM,113.072,8.766,4,15,1,6.91,0.24,28.549,89,II,Clean
SELANGOR,KLANG,101.750134,3.232191,1K45,2BKLG005,KLANG GATE,3,KLANG,9/3/2020,11:44:00 AM,114.377,8.601,2,11,3,7.388,0.23,30.308,91,II,Clean
SELANGOR,KLANG,101.750134,3.232191,1K45,2BKLG005,KLANG GATE,4,KLANG,13/5/2020,11:25:00 AM,89.299,7.021,2,10,15,6.503,1.12,27.744,85,II,Clean
SELANGOR,KLANG,101.750134,3.232191,1K45,2BKLG005,KLANG GATE,5,KLANG,14/7/2020,11:53:00 AM,104.23,8.064,1,2,7,7.774,0.07,28.665,96,I,Clean
SELANGOR,KLANG,101.750134,3.232191,1K45,2BKLG005,KLANG GATE,6,KLANG,5/9/2020,11:30:00 AM,110.68,8.545,2,8,<1.000,6.623,0.09,28.774,94,I,Clean
SELANGOR,KLANG,101.750134,3.232191,1K45,2BKLG005,KLANG GATE,1,KLANG,6/11/2020,11:09:00 AM,105.949,8.246,2,11,7,7.034,0.05,28.324,94,I,Clean
SELANGOR,KLANG,101.755936,3.206971,1K46,2BKLG006,ZOO LUAR,2,KLANG,7/1/2020,10:43:00 AM,78.8,6.281,4,17,25,6.894,1.65,26.975,78,II,Slightly Polluted
SELANGOR,KLANG,101.755936,3.206971,1K46,2BKLG006,ZOO LUAR,3,KLANG,9/3/2020,10:59:00 AM,60.592,4.743,6,20,20,7.302,3.66,27.985,67,III,Slightly Polluted
SELANGOR,KLANG,101.755936,3.206971,1K46,2BKLG006,ZOO LUAR,4,KLANG,13/5/2020,10:52:00 AM,80.506,6.503,3,15,11,6.891,1.51,26.253,81,II,Clean
SELANGOR,KLANG,101.755936,3.206971,1K46,2BKLG006,ZOO LUAR,5,KLANG,14/7/2020,10:51:00 AM,98.062,7.57,3,10,23,7.831,0.65,28.784,86,II,Clean
SELANGOR,KLANG,101.755936,3.206971,1K46,2BKLG006,ZOO LUAR,6,KLANG,5/9/2020,10:37:00 AM,89.942,7.318,3,14,<1.000,6.832,0.85,25.84,86,II,Clean
SELANGOR,KLANG,101.755936,3.206971,1K46,2BKLG006,ZOO LUAR,1,KLANG,6/11/2020,10:11:00 AM,103.639,7.978,2,8,29,7.156,0.19,28.951,91,II,Clean
SELANGOR,KLANG,101.376878,3.016563,1K01,2BKLG016,NORTHPORT,2,KLANG,8/1/2020,10:56:00 AM,55.144,4.022,6,32,40,6.9,5.07,29.731,61,III,Slightly Polluted
SELANGOR,KLANG,101.376878,3.016563,1K01,2BKLG016,NORTHPORT,3,KLANG,12/3/2020,11:11:00 AM,43.015,2.964,4,20,384,7.299,3.22,30.801,54,III,Polluted
SELANGOR,KLANG,101.376878,3.016563,1K01,2BKLG016,NORTHPORT,4,KLANG,8/5/2020,10:27:00 AM,40.416,2.942,3,15,332,6.95,4.77,30.991,55,III,Polluted
SELANGOR,KLANG,101.376878,3.016563,1K01,2BKLG016,NORTHPORT,5,KLANG,7/7/2020,10:35:00 AM,41.636,3.135,6,22,116,7.212,3.93,28.448,55,III,Polluted
SELANGOR,KLANG,101.376878,3.016563,1K01,2BKLG016,NORTHPORT,6,KLANG,8/9/2020,10:29:00 AM,75.531,5.016,3,23,8,7.198,0.58,29.898,83,II,Clean
SELANGOR,KLANG,101.376878,3.016563,1K01,2BKLG016,NORTHPORT,1,KLANG,7/11/2020,10:43:00 AM,49.239,3.667,4,36,22,6.823,2.16,28.878,65,III,Slightly Polluted
SELANGOR,KLANG,101.446625,3.045897,1K02,2BKLG022,BANDAR KLANG,2,KLANG,8/1/2020,11:34:00 AM,40.749,3.097,8,25,23,7.077,6.96,29.648,58,III,Polluted
SELANGOR,KLANG,101.446625,3.045897,1K02,2BKLG022,BANDAR KLANG,3,KLANG,12/3/2020,11:51:00 AM,35.649,2.659,4,18,87,7.791,5.96,30.673,55,III,Polluted
SELANGOR,KLANG,101.446625,3.045897,1K02,2BKLG022,BANDAR KLANG,4,KLANG,8/5/2020,11:27:00 AM,35.039,2.655,3,14,91,6.856,3.13,29.835,58,III,Polluted
SELANGOR,KLANG,101.446625,3.045897,1K02,2BKLG022,BANDAR KLANG,5,KLANG,7/7/2020,11:05:00 AM,43.179,3.413,6,20,62,7.681,2.77,27.438,59,III,Polluted
SELANGOR,KLANG,101.446625,3.045897,1K02,2BKLG022,BANDAR KLANG,6,KLANG,8/9/2020,11:14:00 AM,41.156,3.11,11,34,20,6.928,4.14,29.967,54,III,Polluted
SELANGOR,KLANG,101.446625,3.045897,1K02,2BKLG022,BANDAR KLANG,1,KLANG,7/11/2020,11:14:00 AM,42.612,3.285,4,31,26,7.252,4.18,28.822,59,III,Polluted
SELANGOR,KLANG,101.472604,3.042362,1K03,2BKLG023,TNB CONOUGHT,2,KLANG,8/1/2020,12:14:00 PM,46.227,3.498,10,33,15,7.079,6.88,29.923,57,III,Polluted
SELANGOR,KLANG,101.472604,3.042362,1K03,2BKLG023,TNB CONOUGHT,3,KLANG,12/3/2020,12:31:00 PM,34.727,2.619,5,23,122,7.789,4.98,30.107,53,III,Polluted
SELANGOR,KLANG,101.472604,3.042362,1K03,2BKLG023,TNB CONOUGHT,4,KLANG,8/5/2020,11:57:00 AM,30.552,2.316,3,17,151,6.872,3.08,29.813,56,III,Polluted
SELANGOR,KLANG,101.472604,3.042362,1K03,2BKLG023,TNB CONOUGHT,5,KLANG,7/7/2020,11:36:00 AM,34.127,2.7,7,27,74,7.493,2.49,27.374,55,III,Polluted
SELANGOR,KLANG,101.472604,3.042362,1K03,2BKLG023,TNB CONOUGHT,6,KLANG,8/9/2020,11:40:00 AM,32.932,2.514,10,50,214,6.858,3.15,29.377,45,IV,Polluted
SELANGOR,KLANG,101.472604,3.042362,1K03,2BKLG023,TNB CONOUGHT,1,KLANG,7/11/2020,11:46:00 AM,43.75,3.384,6,30,42,7.128,2.81,28.624,60,III,Slightly Polluted
SELANGOR,KLANG,101.550903,3.029567,1K04,2BKLG024,HICOM,2,KLANG,8/1/2020,1:12:00 PM,61.305,4.639,8,31,58,7.208,6.93,29.893,60,III,Slightly Polluted
SELANGOR,KLANG,101.550903,3.029567,1K04,2BKLG024,HICOM,3,KLANG,12/3/2020,2:29:00 PM,39.247,2.954,5,25,767,7.695,4.33,30.212,46,IV,Polluted
SELANGOR,KLANG,101.550903,3.029567,1K04,2BKLG024,HICOM,4,KLANG,8/5/2020,2:21:00 PM,38.654,2.981,2,16,120,7.009,3.72,28.827,59,III,Polluted
SELANGOR,KLANG,101.550903,3.029567,1K04,2BKLG024,HICOM,5,KLANG,7/7/2020,12:51:00 PM,37.061,2.879,8,25,38,7.366,5.17,28.399,55,III,Polluted
SELANGOR,KLANG,101.550903,3.029567,1K04,2BKLG024,HICOM,6,KLANG,8/9/2020,1:42:00 PM,30.64,2.322,9,36,47,7.04,5.71,29.806,50,IV,Polluted
SELANGOR,KLANG,101.550903,3.029567,1K04,2BKLG024,HICOM,1,KLANG,7/11/2020,1:19:00 PM,46.166,3.606,7,33,74,7.027,3.89,28.103,55,III,Polluted
SELANGOR,KLANG,101.596586,3.020628,1K05,2BKLG034,PUCHONG,2,KLANG,8/1/2020,2:46:00 PM,49.003,3.791,10,31,12,7.206,7.17,28.613,59,III,Polluted
SELANGOR,KLANG,101.596586,3.020628,1K05,2BKLG034,PUCHONG,3,KLANG,12/3/2020,3:16:00 PM,55.242,4.128,5,27,91,7.604,12.9,30.636,59,III,Polluted
SELANGOR,KLANG,101.596586,3.020628,1K05,2BKLG034,PUCHONG,4,KLANG,8/5/2020,2:55:00 PM,59.793,4.537,2,17,113,7.229,4.79,29.752,65,III,Slightly Polluted
SELANGOR,KLANG,101.596586,3.020628,1K05,2BKLG034,PUCHONG,5,KLANG,7/7/2020,1:21:00 PM,61.941,4.781,7,22,24,7.53,7.73,28.79,65,III,Slightly Polluted
SELANGOR,KLANG,101.596586,3.020628,1K05,2BKLG034,PUCHONG,6,KLANG,8/9/2020,2:09:00 PM,61.147,4.674,13,32,15,7.124,5.35,29.319,60,III,Slightly Polluted
SELANGOR,KLANG,101.596586,3.020628,1K05,2BKLG034,PUCHONG,1,KLANG,7/11/2020,2:09:00 PM,70.849,5.547,13,33,142,7.183,2.37,27.959,61,III,Slightly Polluted
SELANGOR,KLANG,101.534036,3.038944,1K40,2BKLG050,SEKSYEN 25 SHAH ALAM OVITA OIL,2,KLANG,8/1/2020,12:38:00 PM,43.181,3.291,10,31,60,7.051,6.92,29.484,53,III,Polluted
SELANGOR,KLANG,101.534036,3.038944,1K40,2BKLG050,SEKSYEN 25 SHAH ALAM OVITA OIL,3,KLANG,12/3/2020,1:26:00 PM,38.445,2.939,6,35,199,7.557,3.49,29.316,51,IV,Polluted
SELANGOR,KLANG,101.534036,3.038944,1K40,2BKLG050,SEKSYEN 25 SHAH ALAM OVITA OIL,4,KLANG,8/5/2020,1:23:00 PM,45.618,3.485,3,22,59,6.971,4.03,29.378,61,III,Slightly Polluted
SELANGOR,KLANG,101.534036,3.038944,1K40,2BKLG050,SEKSYEN 25 SHAH ALAM OVITA OIL,5,KLANG,7/7/2020,12:29:00 PM,36.214,2.816,8,23,56,7.343,4.21,28.364,54,III,Polluted
SELANGOR,KLANG,101.534036,3.038944,1K40,2BKLG050,SEKSYEN 25 SHAH ALAM OVITA OIL,6,KLANG,8/9/2020,12:55:00 PM,34.472,2.629,20,66,30,7.017,3.91,29.443,43,IV,Polluted
SELANGOR,KLANG,101.534036,3.038944,1K40,2BKLG050,SEKSYEN 25 SHAH ALAM OVITA OIL,1,KLANG,7/11/2020,12:41:00 PM,48.982,3.816,15,48,77,6.754,3.31,28.236,50,IV,Polluted
WPKL,KLANG,101.664382,3.082549,1K06,2WKLG001,BALAI POLIS PETALING,2,KLANG,6/1/2020,12:24:00 PM,42.622,3.298,7,32,47,7.057,5.14,28.627,56,III,Polluted
WPKL,KLANG,101.664382,3.082549,1K06,2WKLG001,BALAI POLIS PETALING,3,KLANG,6/3/2020,12:37:00 PM,58.119,4.506,16,40,25,7.405,4.3,28.518,55,III,Polluted
WPKL,KLANG,101.664382,3.082549,1K06,2WKLG001,BALAI POLIS PETALING,4,KLANG,10/5/2020,2:19:00 PM,59.988,4.537,4,20,13,7.322,3.31,29.94,69,III,Slightly Polluted
WPKL,KLANG,101.664382,3.082549,1K06,2WKLG001,BALAI POLIS PETALING,5,KLANG,8/7/2020,11:53:00 AM,66.772,5.295,7,26,52,7.423,7.74,27.246,64,III,Slightly Polluted
WPKL,KLANG,101.664382,3.082549,1K06,2WKLG001,BALAI POLIS PETALING,6,KLANG,13/9/2020,12:04:00 PM,68.564,5.419,9,26,58,7.021,1.7,27.456,68,III,Slightly Polluted
WPKL,KLANG,101.664382,3.082549,1K06,2WKLG001,BALAI POLIS PETALING,1,KLANG,9/11/2020,11:54:00 AM,66.618,5.227,10,28,73,7.094,2.88,27.856,62,III,Slightly Polluted
WPKL,KLANG,101.694807,3.138222,1K07,2WKLG002,JALAN SULTAN SULAIMAN,2,KLANG,11/1/2020,10:51:00 AM,51.495,3.976,10,20,21,7.126,4.6,28.745,60,III,Slightly Polluted
WPKL,KLANG,101.694807,3.138222,1K07,2WKLG002,JALAN SULTAN SULAIMAN,3,KLANG,11/3/2020,10:41:00 AM,55.283,4.22,5,17,54,7.408,5.58,29.398,63,III,Slightly Polluted
WPKL,KLANG,101.694807,3.138222,1K07,2WKLG002,JALAN SULTAN SULAIMAN,4,KLANG,15/5/2020,10:43:00 AM,58.708,4.462,3,16,51,7.205,3.19,29.663,68,III,Slightly Polluted
WPKL,KLANG,101.694807,3.138222,1K07,2WKLG002,JALAN SULTAN SULAIMAN,5,KLANG,12/7/2020,11:09:00 AM,68.871,5.475,8,30,100,7.674,2.76,27.117,63,III,Slightly Polluted
WPKL,KLANG,101.694807,3.138222,1K07,2WKLG002,JALAN SULTAN SULAIMAN,6,KLANG,13/9/2020,1:25:00 PM,77.457,6.063,6,17,40,7.049,1.55,27.986,75,III,Slightly Polluted
WPKL,KLANG,101.694807,3.138222,1K07,2WKLG002,JALAN SULTAN SULAIMAN,1,KLANG,9/11/2020,1:26:00 PM,76.932,6.005,11,24,111,7.074,1.72,28.143,67,III,Slightly Polluted
WPKL,KLANG,101.701133,3.155487,1K08,2WKLG003,DANG WANGI,2,KLANG,11/1/2020,11:15:00 AM,57.073,4.417,13,26,33,7.144,4.62,28.616,58,III,Polluted
WPKL,KLANG,101.701133,3.155487,1K08,2WKLG003,DANG WANGI,3,KLANG,11/3/2020,11:03:00 AM,46.94,3.592,5,22,87,7.369,6.07,29.259,57,III,Polluted
WPKL,KLANG,101.701133,3.155487,1K08,2WKLG003,DANG WANGI,4,KLANG,15/5/2020,11:59:00 AM,63.751,4.786,3,19,53,7.249,3.18,30.376,68,III,Slightly Polluted
WPKL,KLANG,101.701133,3.155487,1K08,2WKLG003,DANG WANGI,5,KLANG,12/7/2020,11:37:00 AM,73.005,5.819,8,26,92,7.691,2.38,26.96,66,III,Slightly Polluted
WPKL,KLANG,101.701133,3.155487,1K08,2WKLG003,DANG WANGI,6,KLANG,14/9/2020,10:33:00 AM,74.342,5.848,8,18,31,6.791,0.96,27.709,76,III,Slightly Polluted
WPKL,KLANG,101.701133,3.155487,1K08,2WKLG003,DANG WANGI,1,KLANG,11/11/2020,10:53:00 AM,76.889,5.996,6,18,32,7.3,1.4,28.198,76,III,Slightly Polluted
WPKL,KLANG,101.676438,3.12083,1K25,2WKLG004,KG.ABDULLAH HUKUM,2,KLANG,10/1/2020,11:41:00 AM,63.914,4.941,6,18,8,7.174,5.1,28.67,69,III,Slightly Polluted
WPKL,KLANG,101.676438,3.12083,1K25,2WKLG004,KG.ABDULLAH HUKUM,3,KLANG,5/3/2020,10:33:00 AM,20.037,1.542,8,27,26,7.403,4.95,28.934,51,IV,Polluted
WPKL,KLANG,101.676438,3.12083,1K25,2WKLG004,KG.ABDULLAH HUKUM,4,KLANG,15/5/2020,10:21:00 AM,54.473,4.213,4,21,42,7.081,3.13,28.658,65,III,Slightly Polluted
WPKL,KLANG,101.676438,3.12083,1K25,2WKLG004,KG.ABDULLAH HUKUM,5,KLANG,6/7/2020,10:59:00 AM,34.478,2.688,5,23,13,7.319,0.4,28.191,69,III,Slightly Polluted
WPKL,KLANG,101.676438,3.12083,1K25,2WKLG004,KG.ABDULLAH HUKUM,6,KLANG,9/9/2020,10:15:00 AM,53.421,4.2,10,21,87,7.033,3.14,27.721,58,III,Polluted
WPKL,KLANG,101.676438,3.12083,1K25,2WKLG004,KG.ABDULLAH HUKUM,1,KLANG,10/11/2020,10:27:00 AM,72.625,5.788,6,20,51,7.034,1.62,26.978,73,III,Slightly Polluted
WPKL,KLANG,101.73497,3.164633,1K09,2WKLG049,BERHAMPIRAN BALAI BOMBA KERAMAT,2,KLANG,11/1/2020,12:21:00 PM,68.301,5.265,11,33,59,7.366,5.76,28.851,60,III,Slightly Polluted
WPKL,KLANG,101.73497,3.164633,1K09,2WKLG049,BERHAMPIRAN BALAI BOMBA KERAMAT,3,KLANG,11/3/2020,11:37:00 AM,68.545,5.239,6,25,86,7.727,7.27,29.332,63,III,Slightly Polluted
WPKL,KLANG,101.73497,3.164633,1K09,2WKLG049,BERHAMPIRAN BALAI BOMBA KERAMAT,4,KLANG,15/5/2020,1:22:00 PM,58.535,4.289,4,23,28,7.339,5,31.79,66,III,Slightly Polluted
WPKL,KLANG,101.73497,3.164633,1K09,2WKLG049,BERHAMPIRAN BALAI BOMBA KERAMAT,5,KLANG,12/7/2020,1:35:00 PM,75.269,5.87,6,24,83,7.725,3.54,28.201,66,III,Slightly Polluted
WPKL,KLANG,101.73497,3.164633,1K09,2WKLG049,BERHAMPIRAN BALAI BOMBA KERAMAT,6,KLANG,14/9/2020,12:08:00 PM,81.002,6.277,3,22,176,7.058,1.09,28.56,75,III,Slightly Polluted
WPKL,KLANG,101.73497,3.164633,1K09,2WKLG049,BERHAMPIRAN BALAI BOMBA KERAMAT,1,KLANG,12/11/2020,11:51:00 AM,88.966,6.906,5,24,93,7.155,1,28.469,76,III,Slightly Polluted
SELANGOR,KLANG,101.750134,3.232191,1K45,2BKLG005,KLANG GATE,2,KLANG,12/1/2021,11:57:00 AM,102.718,8.206,1,6,<1.000,6.674,0.02,26.864,97,I,Clean
SELANGOR,KLANG,101.750134,3.232191,1K45,2BKLG005,KLANG GATE,3,KLANG,14/3/2021,11:54:00 AM,116.687,8.563,<1.000,7,<1.000,7.334,0.26,31.717,93,I,Clean
SELANGOR,KLANG,101.750134,3.232191,1K45,2BKLG005,KLANG GATE,4,KLANG,10/5/2021,11:02:00 AM,106.734,7.982,<1.000,8,<1.000,6.876,<0.010,30.632,97,I,Clean
SELANGOR,KLANG,101.750134,3.232191,1K45,2BKLG005,KLANG GATE,5,KLANG,14/7/2021,12:03:00 PM,98.933,7.749,1,3,<1.000,6.894,<0.010,27.956,98,I,Clean
SELANGOR,KLANG,101.750134,3.232191,1K45,2BKLG005,KLANG GATE,6,KLANG,10/9/2021,11:31:00 AM,101.135,7.728,<1.000,10,<1.000,6.886,0.03,29.377,96,I,Clean
SELANGOR,KLANG,101.750134,3.232191,1K45,2BKLG005,KLANG GATE,1,KLANG,10/11/2021,11:28:00 AM,102.37,7.89,1,6,8,7.29,0.04,28.888,96,I,Clean
SELANGOR,KLANG,101.755936,3.206971,1K46,2BKLG006,ZOO LUAR,2,KLANG,12/1/2021,10:48:00 AM,82.304,6.69,4,14,4,6.735,1.37,25.89,82,II,Clean
SELANGOR,KLANG,101.755936,3.206971,1K46,2BKLG006,ZOO LUAR,3,KLANG,14/3/2021,11:19:00 AM,64.92,5.002,3,25,14,7.032,2.21,28.872,73,III,Slightly Polluted
SELANGOR,KLANG,101.755936,3.206971,1K46,2BKLG006,ZOO LUAR,4,KLANG,10/5/2021,10:34:00 AM,68.269,5.291,3,15,50,6.788,0.12,28.555,83,II,Clean
SELANGOR,KLANG,101.755936,3.206971,1K46,2BKLG006,ZOO LUAR,5,KLANG,14/7/2021,11:31:00 AM,81.999,6.565,3,10,4,6.881,1.14,26.726,84,II,Clean
SELANGOR,KLANG,101.755936,3.206971,1K46,2BKLG006,ZOO LUAR,6,KLANG,10/9/2021,10:54:00 AM,84.552,6.591,3,10,4,6.727,0.9,28.229,86,II,Clean
SELANGOR,KLANG,101.755936,3.206971,1K46,2BKLG006,ZOO LUAR,1,KLANG,10/11/2021,10:44:00 AM,98.467,7.56,2,13,7,7.078,0.24,29.101,91,II,Clean
SELANGOR,KLANG,101.376878,3.016563,1K01,2BKLG016,NORTHPORT,2,KLANG,8/1/2021,10:25:00 AM,52.768,3.917,4,23,7,7.014,2,28.631,70,III,Slightly Polluted
SELANGOR,KLANG,101.376878,3.016563,1K01,2BKLG016,NORTHPORT,3,KLANG,12/3/2021,11:00:00 AM,42.3,3.146,16,41,66,7.216,5.74,30.78,47,IV,Polluted
SELANGOR,KLANG,101.376878,3.016563,1K01,2BKLG016,NORTHPORT,4,KLANG,7/5/2021,11:32:00 AM,47.857,3.605,7,28,10,6.916,1.28,29.69,67,III,Slightly Polluted
SELANGOR,KLANG,101.376878,3.016563,1K01,2BKLG016,NORTHPORT,5,KLANG,10/7/2021,10:10:00 AM,49.603,3.56,10,38,24,6.853,3.24,29.14,58,III,Polluted
SELANGOR,KLANG,101.376878,3.016563,1K01,2BKLG016,NORTHPORT,6,KLANG,6/9/2021,10:23:00 AM,42.888,3.132,4,28,23,6.825,3.95,29.863,60,III,Slightly Polluted
SELANGOR,KLANG,101.376878,3.016563,1K01,2BKLG016,NORTHPORT,1,KLANG,9/11/2021,11:27:00 AM,65.531,4.591,2,34,18,7.185,1.66,30.588,74,III,Slightly Polluted
SELANGOR,KLANG,101.446625,3.045897,1K02,2BKLG022,BANDAR KLANG,2,KLANG,8/1/2021,11:25:00 AM,41.347,3.24,6,15,16,7.284,2.72,27.885,64,III,Slightly Polluted
SELANGOR,KLANG,101.446625,3.045897,1K02,2BKLG022,BANDAR KLANG,3,KLANG,12/3/2021,11:37:00 AM,41.906,3.264,14,90,174,7.448,3.17,28.273,42,IV,Polluted
SELANGOR,KLANG,101.446625,3.045897,1K02,2BKLG022,BANDAR KLANG,4,KLANG,7/5/2021,12:09:00 PM,46.247,3.533,6,18,16,7.121,1.41,29.347,68,III,Slightly Polluted
SELANGOR,KLANG,101.446625,3.045897,1K02,2BKLG022,BANDAR KLANG,5,KLANG,10/7/2021,10:45:00 AM,40.865,3.178,7,37,36,7.074,1.6,28.339,61,III,Slightly Polluted
SELANGOR,KLANG,101.446625,3.045897,1K02,2BKLG022,BANDAR KLANG,6,KLANG,6/9/2021,10:56:00 AM,44.087,3.408,5,21,65,7.315,3.43,28.66,59,III,Polluted
SELANGOR,KLANG,101.446625,3.045897,1K02,2BKLG022,BANDAR KLANG,1,KLANG,9/11/2021,11:58:00 AM,34.89,2.668,6,26,39,7.397,2.3,29.296,59,III,Polluted
SELANGOR,KLANG,101.472604,3.042362,1K03,2BKLG023,TNB CONOUGHT,2,KLANG,8/1/2021,11:55:00 AM,44.15,3.447,5,26,17,7.141,3.09,28.112,62,III,Slightly Polluted
SELANGOR,KLANG,101.472604,3.042362,1K03,2BKLG023,TNB CONOUGHT,3,KLANG,12/3/2021,12:19:00 PM,35.126,2.752,9,110,229,7.41,2.21,27.927,44,IV,Polluted
SELANGOR,KLANG,101.472604,3.042362,1K03,2BKLG023,TNB CONOUGHT,4,KLANG,7/5/2021,1:02:00 PM,45.62,3.476,4,18,15,7.001,1.35,29.517,69,III,Slightly Polluted
SELANGOR,KLANG,101.472604,3.042362,1K03,2BKLG023,TNB CONOUGHT,5,KLANG,10/7/2021,11:06:00 AM,37.309,2.913,11,39,46,7.116,2.12,28.095,54,III,Polluted
SELANGOR,KLANG,101.472604,3.042362,1K03,2BKLG023,TNB CONOUGHT,6,KLANG,6/9/2021,11:22:00 AM,44.754,3.509,7,28,37,7.299,2.28,27.888,61,III,Slightly Polluted
SELANGOR,KLANG,101.472604,3.042362,1K03,2BKLG023,TNB CONOUGHT,1,KLANG,9/11/2021,12:19:00 PM,47.858,3.624,8,24,37,7.263,2.66,29.872,61,III,Slightly Polluted
SELANGOR,KLANG,101.550903,3.029567,1K04,2BKLG024,HICOM,2,KLANG,8/1/2021,3:01:00 PM,39.455,3.088,5,21,26,7.038,2.89,27.983,61,III,Slightly Polluted
SELANGOR,KLANG,101.550903,3.029567,1K04,2BKLG024,HICOM,3,KLANG,12/3/2021,2:31:00 PM,45.229,3.445,5,35,34,7.489,4.01,29.525,58,III,Polluted
SELANGOR,KLANG,101.550903,3.029567,1K04,2BKLG024,HICOM,4,KLANG,7/5/2021,2:42:00 PM,49.832,3.763,7,25,41,6.95,2.62,30.035,63,III,Slightly Polluted
SELANGOR,KLANG,101.550903,3.029567,1K04,2BKLG024,HICOM,5,KLANG,10/7/2021,12:21:00 PM,39.476,3.05,5,26,31,7.055,3.48,28.673,59,III,Polluted
SELANGOR,KLANG,101.550903,3.029567,1K04,2BKLG024,HICOM,6,KLANG,6/9/2021,1:01:00 PM,31.985,2.485,5,19,26,7.069,2.94,28.404,59,III,Polluted
SELANGOR,KLANG,101.550903,3.029567,1K04,2BKLG024,HICOM,1,KLANG,9/11/2021,1:38:00 PM,54.203,4.097,9,29,30,7.218,4.43,29.976,60,III,Slightly Polluted
SELANGOR,KLANG,101.596586,3.020628,1K05,2BKLG034,PUCHONG,2,KLANG,8/1/2021,4:13:00 PM,62.008,4.858,4,20,20,7.103,3.83,27.928,68,III,Slightly Polluted
SELANGOR,KLANG,101.596586,3.020628,1K05,2BKLG034,PUCHONG,3,KLANG,12/3/2021,3:25:00 PM,60.413,4.651,7,25,26,7.547,3.98,28.943,64,III,Slightly Polluted
SELANGOR,KLANG,101.596586,3.020628,1K05,2BKLG034,PUCHONG,4,KLANG,7/5/2021,3:08:00 PM,56.983,4.361,5,19,33,7.1,3.36,29.253,66,III,Slightly Polluted
SELANGOR,KLANG,101.596586,3.020628,1K05,2BKLG034,PUCHONG,5,KLANG,10/7/2021,1:14:00 PM,65.613,5.135,3,23,24,7.215,1.86,27.977,74,III,Slightly Polluted
SELANGOR,KLANG,101.596586,3.020628,1K05,2BKLG034,PUCHONG,6,KLANG,6/9/2021,1:35:00 PM,57.435,4.491,5,24,35,7.176,3.85,28.046,64,III,Slightly Polluted
SELANGOR,KLANG,101.596586,3.020628,1K05,2BKLG034,PUCHONG,1,KLANG,9/11/2021,2:19:00 PM,72.431,5.524,7,27,22,7.286,4.23,29.457,68,III,Slightly Polluted
SELANGOR,KLANG,101.534036,3.038944,1K40,2BKLG050,SEKSYEN 25 SHAH ALAM OVITA OIL,2,KLANG,8/1/2021,2:14:00 PM,47.704,3.707,13,36,33,6.92,3.12,28.371,55,III,Polluted
SELANGOR,KLANG,101.534036,3.038944,1K40,2BKLG050,SEKSYEN 25 SHAH ALAM OVITA OIL,3,KLANG,12/3/2021,12:59:00 PM,34.247,2.607,11,46,54,7.161,3.46,29.562,49,IV,Polluted
SELANGOR,KLANG,101.534036,3.038944,1K40,2BKLG050,SEKSYEN 25 SHAH ALAM OVITA OIL,4,KLANG,7/5/2021,1:30:00 PM,42.84,3.282,7,33,66,6.887,1.11,29.2,61,III,Slightly Polluted
SELANGOR,KLANG,101.534036,3.038944,1K40,2BKLG050,SEKSYEN 25 SHAH ALAM OVITA OIL,5,KLANG,10/7/2021,11:51:00 AM,43.91,3.401,17,50,28,6.795,2.81,28.585,51,IV,Polluted
SELANGOR,KLANG,101.534036,3.038944,1K40,2BKLG050,SEKSYEN 25 SHAH ALAM OVITA OIL,6,KLANG,6/9/2021,12:32:00 PM,43.439,3.383,5,23,41,7.111,2.02,28.277,64,III,Slightly Polluted
SELANGOR,KLANG,101.534036,3.038944,1K40,2BKLG050,SEKSYEN 25 SHAH ALAM OVITA OIL,1,KLANG,9/11/2021,1:06:00 PM,54.334,4.069,15,38,40,6.983,3.11,30.51,56,III,Polluted
WPKL,KLANG,101.664382,3.082549,1K06,2WKLG001,BALAI POLIS PETALING,2,KLANG,7/1/2021,3:26:00 PM,66.577,5.291,7,26,48,7.083,4.97,27.117,64,III,Slightly Polluted
WPKL,KLANG,101.664382,3.082549,1K06,2WKLG001,BALAI POLIS PETALING,3,KLANG,6/3/2021,12:11:00 PM,50.603,3.841,9,49,52,7.306,5.21,29.732,54,III,Polluted
WPKL,KLANG,101.664382,3.082549,1K06,2WKLG001,BALAI POLIS PETALING,4,KLANG,9/5/2021,12:44:00 PM,67.393,5.17,7,18,23,7.088,4.61,29.124,68,III,Slightly Polluted
WPKL,KLANG,101.664382,3.082549,1K06,2WKLG001,BALAI POLIS PETALING,5,KLANG,12/7/2021,11:35:00 AM,72.744,5.756,7,29,90,7,0.89,27.365,71,III,Slightly Polluted
WPKL,KLANG,101.664382,3.082549,1K06,2WKLG001,BALAI POLIS PETALING,6,KLANG,7/9/2021,11:42:00 AM,66.041,5.133,8,26,17,7.18,4.38,28.376,66,III,Slightly Polluted
WPKL,KLANG,101.664382,3.082549,1K06,2WKLG001,BALAI POLIS PETALING,1,KLANG,8/11/2021,2:01:00 PM,74.218,5.714,5,24,55,7.41,2.42,28.92,70,III,Slightly Polluted
WPKL,KLANG,101.694807,3.138222,1K07,2WKLG002,JALAN SULTAN SULAIMAN,2,KLANG,10/1/2021,11:23:00 AM,68.353,5.471,6,19,48,7.148,2.5,26.735,70,III,Slightly Polluted
WPKL,KLANG,101.694807,3.138222,1K07,2WKLG002,JALAN SULTAN SULAIMAN,3,KLANG,9/3/2021,10:26:00 AM,60.822,4.7,5,31,27,7.218,4.93,28.701,65,III,Slightly Polluted
WPKL,KLANG,101.694807,3.138222,1K07,2WKLG002,JALAN SULTAN SULAIMAN,4,KLANG,9/5/2021,1:49:00 PM,65.093,4.959,10,37,19,7.129,4.02,29.517,62,III,Slightly Polluted
WPKL,KLANG,101.694807,3.138222,1K07,2WKLG002,JALAN SULTAN SULAIMAN,5,KLANG,12/7/2021,12:36:00 PM,77.346,6.069,6,23,61,7.208,1.11,27.842,75,III,Slightly Polluted
WPKL,KLANG,101.694807,3.138222,1K07,2WKLG002,JALAN SULTAN SULAIMAN,6,KLANG,7/9/2021,12:57:00 PM,68.341,5.244,6,21,23,7.238,3.82,29.108,69,III,Slightly Polluted
WPKL,KLANG,101.694807,3.138222,1K07,2WKLG002,JALAN SULTAN SULAIMAN,1,KLANG,17/11/2021,10:50:00 AM,70.105,5.495,8,28,57,7.101,1.6,27.906,69,III,Slightly Polluted
WPKL,KLANG,101.701133,3.155487,1K08,2WKLG003,DANG WANGI,2,KLANG,10/1/2021,11:55:00 AM,67.117,5.368,7,20,55,7.122,2.77,26.77,67,III,Slightly Polluted
WPKL,KLANG,101.701133,3.155487,1K08,2WKLG003,DANG WANGI,3,KLANG,11/3/2021,10:42:00 AM,64.679,4.917,6,23,24,7.452,4.96,29.639,67,III,Slightly Polluted
WPKL,KLANG,101.701133,3.155487,1K08,2WKLG003,DANG WANGI,4,KLANG,9/5/2021,2:11:00 PM,64.047,4.828,6,22,11,7.129,3.23,30.131,69,III,Slightly Polluted
WPKL,KLANG,101.701133,3.155487,1K08,2WKLG003,DANG WANGI,5,KLANG,12/7/2021,1:01:00 PM,74.201,5.746,4,23,30,7.177,0.62,28.606,79,II,Slightly Polluted
WPKL,KLANG,101.701133,3.155487,1K08,2WKLG003,DANG WANGI,6,KLANG,7/9/2021,1:27:00 PM,66.319,5.029,6,28,24,7.158,3.45,29.789,67,III,Slightly Polluted
WPKL,KLANG,101.701133,3.155487,1K08,2WKLG003,DANG WANGI,1,KLANG,17/11/2021,11:15:00 AM,66.89,5.312,7,27,35,7.094,1.05,27.168,72,III,Slightly Polluted
WPKL,KLANG,101.676438,3.12083,1K25,2WKLG004,KG.ABDULLAH HUKUM,2,KLANG,15/1/2021,12:52:00 PM,56.969,4.55,8,33,31,7.053,4.17,26.842,61,III,Slightly Polluted
WPKL,KLANG,101.676438,3.12083,1K25,2WKLG004,KG.ABDULLAH HUKUM,3,KLANG,10/3/2021,10:44:00 AM,56.471,4.359,6,32,29,7.357,3.88,28.764,62,III,Slightly Polluted
WPKL,KLANG,101.676438,3.12083,1K25,2WKLG004,KG.ABDULLAH HUKUM,4,KLANG,19/5/2021,10:15:00 AM,86.724,6.852,5,20,34,7.052,1.3,27.458,78,II,Slightly Polluted
WPKL,KLANG,101.676438,3.12083,1K25,2WKLG004,KG.ABDULLAH HUKUM,5,KLANG,11/7/2021,11:17:00 AM,63.391,5.085,6,18,40,7.24,0.34,26.609,76,III,Slightly Polluted
WPKL,KLANG,101.676438,3.12083,1K25,2WKLG004,KG.ABDULLAH HUKUM,6,KLANG,13/9/2021,10:38:00 AM,76.059,6.215,6,39,145,7.117,0.11,25.603,76,III,Slightly Polluted
WPKL,KLANG,101.676438,3.12083,1K25,2WKLG004,KG.ABDULLAH HUKUM,1,KLANG,11/11/2021,11:33:00 AM,69.018,5.507,6,24,78,7.226,0.75,26.919,73,III,Slightly Polluted
WPKL,KLANG,101.73497,3.164633,1K09,2WKLG049,BERHAMPIRAN BALAI BOMBA KERAMAT,2,KLANG,16/1/2021,11:16:00 AM,72.953,5.851,8,22,246,7.068,4.18,26.619,62,III,Slightly Polluted
WPKL,KLANG,101.73497,3.164633,1K09,2WKLG049,BERHAMPIRAN BALAI BOMBA KERAMAT,3,KLANG,11/3/2021,11:58:00 AM,67.782,5.194,10,36,20,7.448,6.62,29.192,63,III,Slightly Polluted
WPKL,KLANG,101.73497,3.164633,1K09,2WKLG049,BERHAMPIRAN BALAI BOMBA KERAMAT,4,KLANG,19/5/2021,11:20:00 AM,80.276,6.268,6,25,22,7.183,1.14,28.136,77,II,Slightly Polluted
WPKL,KLANG,101.73497,3.164633,1K09,2WKLG049,BERHAMPIRAN BALAI BOMBA KERAMAT,5,KLANG,15/7/2021,11:39:00 AM,77.69,6.071,7,26,16,7.259,3.26,28.068,71,III,Slightly Polluted
WPKL,KLANG,101.73497,3.164633,1K09,2WKLG049,BERHAMPIRAN BALAI BOMBA KERAMAT,6,KLANG,13/9/2021,11:49:00 AM,78.04,6.329,8,34,630,7.074,0.18,26.024,68,III,Slightly Polluted
WPKL,KLANG,101.73497,3.164633,1K09,2WKLG049,BERHAMPIRAN BALAI BOMBA KERAMAT,1,KLANG,15/11/2021,11:21:00 AM,72.626,5.639,4,26,35,7.218,3.43,28.439,70,III,Slightly Polluted
SELANGOR,KLANG,101.750134,3.232191,1K45,2BKLG005,KLANG GATE,2,KLANG,11/1/2022,11:18:00 AM,98.171,7.753,<1.000,3,2,6.921,0.02,27.507,97,I,Clean
SELANGOR,KLANG,101.750134,3.232191,1K45,2BKLG005,KLANG GATE,3,KLANG,7/3/2022,11:27:00 AM,90.665,7.003,<1.000,5,4,7.442,0.03,28.761,96,I,Clean
SELANGOR,KLANG,101.750134,3.232191,1K45,2BKLG005,KLANG GATE,4,KLANG,11/5/2022,12:37:00 PM,104.167,8.077,2,5,6,7.295,0.03,28.541,96,I,Clean
SELANGOR,KLANG,101.750134,3.232191,1K45,2BKLG005,KLANG GATE,5,KLANG,8/7/2022,11:56:00 AM,104.945,8.107,1,7,4,7.095,0.02,28.755,96,I,Clean
SELANGOR,KLANG,101.750134,3.232191,1K45,2BKLG005,KLANG GATE,6,KLANG,6/9/2022,11:34:00 AM,105.845,8.163,<1.000,5,4,7.348,0.04,28.827,96,I,Clean
SELANGOR,KLANG,101.750134,3.232191,1K45,2BKLG005,KLANG GATE,1,KLANG,11/11/2022,12:06:00 PM,107.423,8.34,<1.000,6,<1.000,7.102,<0.010,28.48,97,I,Clean
SELANGOR,KLANG,101.755936,3.206971,1K46,2BKLG006,ZOO LUAR,2,KLANG,11/1/2022,10:41:00 AM,93.112,7.407,<1.000,27,3,6.961,0.68,27.087,87,II,Clean
SELANGOR,KLANG,101.755936,3.206971,1K46,2BKLG006,ZOO LUAR,3,KLANG,7/3/2022,10:45:00 AM,88.317,6.816,2,10,22,7.129,0.25,28.806,89,II,Clean
SELANGOR,KLANG,101.755936,3.206971,1K46,2BKLG006,ZOO LUAR,4,KLANG,11/5/2022,11:57:00 AM,98.984,7.601,2,13,14,7.253,0.13,29.091,92,II,Clean
SELANGOR,KLANG,101.755936,3.206971,1K46,2BKLG006,ZOO LUAR,5,KLANG,8/7/2022,11:22:00 AM,95.561,7.378,4,12,30,6.887,<0.010,28.771,91,II,Clean
SELANGOR,KLANG,101.755936,3.206971,1K46,2BKLG006,ZOO LUAR,6,KLANG,6/9/2022,10:56:00 AM,100.301,7.775,2,7,5,7.054,0.28,28.55,92,II,Clean
SELANGOR,KLANG,101.755936,3.206971,1K46,2BKLG006,ZOO LUAR,1,KLANG,11/11/2022,11:32:00 AM,101.159,7.864,2,9,11,6.944,0.25,28.391,91,II,Clean
SELANGOR,KLANG,101.376878,3.016563,1K01,2BKLG016,NORTHPORT,2,KLANG,7/1/2022,10:49:00 AM,56.381,3.972,3,45,17,6.917,1.07,29.749,70,III,Slightly Polluted
SELANGOR,KLANG,101.376878,3.016563,1K01,2BKLG016,NORTHPORT,3,KLANG,8/3/2022,10:31:00 AM,53.198,4.229,3,18,106,6.993,0.63,27.075,71,III,Slightly Polluted
SELANGOR,KLANG,101.376878,3.016563,1K01,2BKLG016,NORTHPORT,4,KLANG,20/5/2022,9:52:00 AM,78.936,5.233,<1.000,11,12,7.696,0.4,29.959,87,II,Clean
SELANGOR,KLANG,101.376878,3.016563,1K01,2BKLG016,NORTHPORT,5,KLANG,18/7/2022,9:21:00 AM,84.298,5.546,1,26,18,7.604,0.16,29.356,87,II,Clean
SELANGOR,KLANG,101.376878,3.016563,1K01,2BKLG016,NORTHPORT,6,KLANG,16/9/2022,10:25:00 AM,79.524,5.38,<1.000,28,33,7.538,0.45,29.349,82,II,Clean
SELANGOR,KLANG,101.376878,3.016563,1K01,2BKLG016,NORTHPORT,1,KLANG,7/11/2022,10:26:00 AM,51.33,3.883,5,18,94,6.906,2.88,28.653,61,III,Slightly Polluted
SELANGOR,KLANG,101.446625,3.045897,1K02,2BKLG022,BANDAR KLANG,2,KLANG,7/1/2022,11:19:00 AM,39.818,3.073,4,21,21,7.259,2.54,28.683,64,III,Slightly Polluted
SELANGOR,KLANG,101.446625,3.045897,1K02,2BKLG022,BANDAR KLANG,3,KLANG,8/3/2022,11:03:00 AM,45.125,3.616,4,21,41,7.052,0.86,26.671,69,III,Slightly Polluted
SELANGOR,KLANG,101.446625,3.045897,1K02,2BKLG022,BANDAR KLANG,4,KLANG,20/5/2022,10:22:00 AM,46.453,3.553,8,20,14,7.294,3.27,29.232,62,III,Slightly Polluted
SELANGOR,KLANG,101.446625,3.045897,1K02,2BKLG022,BANDAR KLANG,5,KLANG,18/7/2022,12:06:00 PM,38.636,2.889,8,36,37,6.911,5.79,30.554,54,III,Polluted
SELANGOR,KLANG,101.446625,3.045897,1K02,2BKLG022,BANDAR KLANG,6,KLANG,16/9/2022,10:54:00 AM,48.953,3.766,8,29,13,7.209,4.44,28.934,60,III,Slightly Polluted
SELANGOR,KLANG,101.446625,3.045897,1K02,2BKLG022,BANDAR KLANG,1,KLANG,7/11/2022,10:55:00 AM,49.476,3.873,5,35,60,7.187,3.53,27.945,59,III,Polluted
SELANGOR,KLANG,101.472604,3.042362,1K03,2BKLG023,TNB CONOUGHT,2,KLANG,7/1/2022,11:52:00 AM,45.61,3.518,2,19,27,7.161,2.75,28.809,66,III,Slightly Polluted
SELANGOR,KLANG,101.472604,3.042362,1K03,2BKLG023,TNB CONOUGHT,3,KLANG,8/3/2022,11:32:00 AM,49.492,3.932,4,27,119,7.039,0.58,27.144,67,III,Slightly Polluted
SELANGOR,KLANG,101.472604,3.042362,1K03,2BKLG023,TNB CONOUGHT,4,KLANG,20/5/2022,10:49:00 AM,47.888,3.685,5,26,28,7.071,2.67,28.942,63,III,Slightly Polluted
SELANGOR,KLANG,101.472604,3.042362,1K03,2BKLG023,TNB CONOUGHT,5,KLANG,18/7/2022,12:26:00 PM,51.954,3.883,8,26,54,6.98,5.86,30.623,59,III,Polluted
SELANGOR,KLANG,101.472604,3.042362,1K03,2BKLG023,TNB CONOUGHT,6,KLANG,16/9/2022,11:15:00 AM,51.782,4.018,6,29,12,7.144,4.87,28.467,63,III,Slightly Polluted
SELANGOR,KLANG,101.472604,3.042362,1K03,2BKLG023,TNB CONOUGHT,1,KLANG,7/11/2022,11:19:00 AM,57.68,4.53,7,39,67,7.093,2.81,27.788,60,III,Slightly Polluted
SELANGOR,KLANG,101.550903,3.029567,1K04,2BKLG024,HICOM,2,KLANG,7/1/2022,12:55:00 PM,55.98,4.25,5,26,28,7.048,3.47,29.725,65,III,Slightly Polluted
SELANGOR,KLANG,101.550903,3.029567,1K04,2BKLG024,HICOM,3,KLANG,8/3/2022,12:39:00 PM,55.04,4.344,5,29,78,7.054,0.8,27.52,67,III,Slightly Polluted
SELANGOR,KLANG,101.550903,3.029567,1K04,2BKLG024,HICOM,4,KLANG,20/5/2022,12:11:00 PM,50.519,3.837,4,21,16,7.087,3.14,29.702,66,III,Slightly Polluted
SELANGOR,KLANG,101.550903,3.029567,1K04,2BKLG024,HICOM,5,KLANG,18/7/2022,1:35:00 PM,62.011,4.701,7,29,31,7.045,5.38,29.787,64,III,Slightly Polluted
SELANGOR,KLANG,101.550903,3.029567,1K04,2BKLG024,HICOM,6,KLANG,16/9/2022,12:09:00 PM,52.72,4.143,2,22,9,7.167,4.97,27.746,67,III,Slightly Polluted
SELANGOR,KLANG,101.550903,3.029567,1K04,2BKLG024,HICOM,1,KLANG,7/11/2022,12:24:00 PM,47.868,3.781,6,26,51,6.944,3.06,27.472,61,III,Slightly Polluted
SELANGOR,KLANG,101.596586,3.020628,1K05,2BKLG034,PUCHONG,2,KLANG,7/1/2022,1:28:00 PM,69.979,5.396,5,34,53,7.189,3.68,28.817,65,III,Slightly Polluted
SELANGOR,KLANG,101.596586,3.020628,1K05,2BKLG034,PUCHONG,3,KLANG,8/3/2022,1:17:00 PM,67.693,5.313,5,18,67,7.166,0.91,27.837,73,III,Slightly Polluted
SELANGOR,KLANG,101.596586,3.020628,1K05,2BKLG034,PUCHONG,4,KLANG,20/5/2022,12:46:00 PM,62.044,4.778,8,24,27,7.188,0.55,28.902,73,III,Slightly Polluted
SELANGOR,KLANG,101.596586,3.020628,1K05,2BKLG034,PUCHONG,5,KLANG,18/7/2022,2:07:00 PM,71.603,5.375,13,34,24,7.112,6.44,30.37,62,III,Slightly Polluted
SELANGOR,KLANG,101.596586,3.020628,1K05,2BKLG034,PUCHONG,6,KLANG,16/9/2022,12:33:00 PM,50.129,3.936,5,27,14,7.198,5.51,27.803,63,III,Slightly Polluted
SELANGOR,KLANG,101.596586,3.020628,1K05,2BKLG034,PUCHONG,1,KLANG,7/11/2022,1:21:00 PM,68.675,5.329,10,31,37,7.054,3.74,28.47,63,III,Slightly Polluted
SELANGOR,KLANG,101.534036,3.038944,1K40,2BKLG050,SEKSYEN 25 SHAH ALAM OVITA OIL,2,KLANG,7/1/2022,12:23:00 PM,47.46,3.611,12,39,70,6.863,1.22,29.58,58,III,Polluted
SELANGOR,KLANG,101.534036,3.038944,1K40,2BKLG050,SEKSYEN 25 SHAH ALAM OVITA OIL,3,KLANG,8/3/2022,12:18:00 PM,44.048,3.487,5,26,74,6.976,0.39,27.345,67,III,Slightly Polluted
SELANGOR,KLANG,101.534036,3.038944,1K40,2BKLG050,SEKSYEN 25 SHAH ALAM OVITA OIL,4,KLANG,20/5/2022,11:27:00 AM,56.05,4.267,6,23,67,7.132,2.95,29.562,63,III,Slightly Polluted
SELANGOR,KLANG,101.534036,3.038944,1K40,2BKLG050,SEKSYEN 25 SHAH ALAM OVITA OIL,5,KLANG,18/7/2022,12:58:00 PM,37.759,2.819,8,31,26,6.961,5.67,30.678,55,III,Polluted
SELANGOR,KLANG,101.534036,3.038944,1K40,2BKLG050,SEKSYEN 25 SHAH ALAM OVITA OIL,6,KLANG,16/9/2022,11:44:00 AM,48.411,3.797,6,30,18,7.076,3.78,27.867,61,III,Slightly Polluted
SELANGOR,KLANG,101.534036,3.038944,1K40,2BKLG050,SEKSYEN 25 SHAH ALAM OVITA OIL,1,KLANG,7/11/2022,11:48:00 AM,49.385,3.886,13,41,39,6.762,3.01,27.685,55,III,Polluted
WPKL,KLANG,101.664382,3.082549,1K06,2WKLG001,BALAI POLIS PETALING,2,KLANG,10/1/2022,11:29:00 AM,67.412,5.221,6,20,55,7.071,3.47,28.573,67,III,Slightly Polluted
WPKL,KLANG,101.664382,3.082549,1K06,2WKLG001,BALAI POLIS PETALING,3,KLANG,9/3/2022,1:06:00 PM,70.471,5.482,4,14,40,7.129,1.21,28.334,76,III,Slightly Polluted
WPKL,KLANG,101.664382,3.082549,1K06,2WKLG001,BALAI POLIS PETALING,4,KLANG,10/5/2022,1:57:00 PM,74.857,5.626,7,21,19,7.324,4.32,30.295,70,III,Slightly Polluted
WPKL,KLANG,101.664382,3.082549,1K06,2WKLG001,BALAI POLIS PETALING,5,KLANG,6/7/2022,1:36:00 PM,67.405,5.315,7,19,24,7.129,0.69,27.565,76,III,Slightly Polluted
WPKL,KLANG,101.664382,3.082549,1K06,2WKLG001,BALAI POLIS PETALING,6,KLANG,7/9/2022,11:38:00 AM,82.478,6.543,7,39,41,7.28,2.68,27.23,69,III,Slightly Polluted
WPKL,KLANG,101.664382,3.082549,1K06,2WKLG001,BALAI POLIS PETALING,1,KLANG,4/11/2022,11:26:00 AM,83.373,6.632,6,23,50,7.188,2.22,27.068,73,III,Slightly Polluted
WPKL,KLANG,101.694807,3.138222,1K07,2WKLG002,JALAN SULTAN SULAIMAN,2,KLANG,10/1/2022,12:44:00 PM,65.642,5.099,9,28,35,7.103,3.38,28.409,64,III,Slightly Polluted
WPKL,KLANG,101.694807,3.138222,1K07,2WKLG002,JALAN SULTAN SULAIMAN,3,KLANG,14/3/2022,10:26:00 AM,68.157,5.207,8,20,28,7.04,2.32,29.356,70,III,Slightly Polluted
WPKL,KLANG,101.694807,3.138222,1K07,2WKLG002,JALAN SULTAN SULAIMAN,4,KLANG,18/5/2022,11:15:00 AM,67.582,5.239,9,21,69,7.144,1.58,28.528,68,III,Slightly Polluted
WPKL,KLANG,101.694807,3.138222,1K07,2WKLG002,JALAN SULTAN SULAIMAN,5,KLANG,13/7/2022,10:32:00 AM,78.22,6.174,11,28,36,6.666,0.98,27.518,72,III,Slightly Polluted
WPKL,KLANG,101.694807,3.138222,1K07,2WKLG002,JALAN SULTAN SULAIMAN,6,KLANG,7/9/2022,1:11:00 PM,70.915,5.579,8,31,49,7.154,1.39,27.704,70,III,Slightly Polluted
WPKL,KLANG,101.694807,3.138222,1K07,2WKLG002,JALAN SULTAN SULAIMAN,1,KLANG,4/11/2022,1:16:00 PM,75.476,5.917,8,21,44,7.089,1.95,27.892,72,III,Slightly Polluted
WPKL,KLANG,101.701133,3.155487,1K08,2WKLG003,DANG WANGI,2,KLANG,10/1/2022,1:14:00 PM,71.761,5.522,7,20,14,7.091,2.03,28.955,74,III,Slightly Polluted
WPKL,KLANG,101.701133,3.155487,1K08,2WKLG003,DANG WANGI,3,KLANG,14/3/2022,10:44:00 AM,72.535,5.63,6,23,10,7.189,2.41,28.444,74,III,Slightly Polluted
WPKL,KLANG,101.701133,3.155487,1K08,2WKLG003,DANG WANGI,4,KLANG,18/5/2022,11:40:00 AM,65.276,5.066,20,62,72,7.036,0.85,28.478,58,III,Polluted
WPKL,KLANG,101.701133,3.155487,1K08,2WKLG003,DANG WANGI,5,KLANG,13/7/2022,10:50:00 AM,72.623,5.829,7,20,26,6.994,1.57,26.565,74,III,Slightly Polluted
WPKL,KLANG,101.701133,3.155487,1K08,2WKLG003,DANG WANGI,6,KLANG,7/9/2022,1:40:00 PM,83.163,6.697,8,29,45,7.227,1.44,26.387,73,III,Slightly Polluted
WPKL,KLANG,101.701133,3.155487,1K08,2WKLG003,DANG WANGI,1,KLANG,4/11/2022,1:48:00 PM,80.57,6.377,7,19,33,7.193,1.97,27.359,75,III,Slightly Polluted
WPKL,KLANG,101.676438,3.12083,1K25,2WKLG004,KG.ABDULLAH HUKUM,2,KLANG,17/1/2022,11:54:00 AM,57.49,4.476,3,27,50,7.1,3.71,28.28,65,III,Slightly Polluted
WPKL,KLANG,101.676438,3.12083,1K25,2WKLG004,KG.ABDULLAH HUKUM,3,KLANG,10/3/2022,12:04:00 PM,66.814,5.234,7,39,71,7.275,0.67,27.939,69,III,Slightly Polluted
WPKL,KLANG,101.676438,3.12083,1K25,2WKLG004,KG.ABDULLAH HUKUM,4,KLANG,19/5/2022,11:30:00 AM,69.128,5.419,6,21,114,7.112,1.02,27.907,71,III,Slightly Polluted
WPKL,KLANG,101.676438,3.12083,1K25,2WKLG004,KG.ABDULLAH HUKUM,5,KLANG,7/7/2022,12:27:00 PM,70.797,5.501,9,33,18,7.102,2.76,28.397,68,III,Slightly Polluted
WPKL,KLANG,101.676438,3.12083,1K25,2WKLG004,KG.ABDULLAH HUKUM,6,KLANG,9/9/2022,11:30:00 AM,73.397,5.916,8,20,26,7.232,1.16,26.352,74,III,Slightly Polluted
WPKL,KLANG,101.676438,3.12083,1K25,2WKLG004,KG.ABDULLAH HUKUM,1,KLANG,24/11/2022,10:56:00 AM,76.965,6.084,8,18,30,7.055,0.58,27.439,78,II,Slightly Polluted
WPKL,KLANG,101.73497,3.164633,1K09,2WKLG049,BERHAMPIRAN BALAI BOMBA KERAMAT,2,KLANG,13/1/2022,11:57:00 AM,70.984,5.639,7,29,25,7.14,3.21,27.149,68,III,Slightly Polluted
WPKL,KLANG,101.73497,3.164633,1K09,2WKLG049,BERHAMPIRAN BALAI BOMBA KERAMAT,3,KLANG,14/3/2022,11:30:00 AM,68.724,5.296,7,20,21,7.206,2.62,28.864,71,III,Slightly Polluted
WPKL,KLANG,101.73497,3.164633,1K09,2WKLG049,BERHAMPIRAN BALAI BOMBA KERAMAT,4,KLANG,17/5/2022,12:35:00 PM,81.837,6.368,5,13,31,7.25,1.12,28.319,80,II,Slightly Polluted
WPKL,KLANG,101.73497,3.164633,1K09,2WKLG049,BERHAMPIRAN BALAI BOMBA KERAMAT,5,KLANG,16/7/2022,12:08:00 PM,78.768,6.091,9,37,24,7.093,3.97,28.668,66,III,Slightly Polluted
WPKL,KLANG,101.73497,3.164633,1K09,2WKLG049,BERHAMPIRAN BALAI BOMBA KERAMAT,6,KLANG,15/9/2022,12:26:00 PM,77.345,6.154,5,29,23,7.151,2.44,27.064,73,III,Slightly Polluted
WPKL,KLANG,101.73497,3.164633,1K09,2WKLG049,BERHAMPIRAN BALAI BOMBA KERAMAT,1,KLANG,10/11/2022,11:35:00 AM,79.007,6.293,8,24,16,7.061,2.23,27.009,73,III,Slightly Polluted
SELANGOR,KLANG,101.750134,3.232191,1K45,2BKLG005,KLANG GATE,1,KLANG,9/1/2023,11:11:00 AM,102.821,7.993,<1.000,5,<1.000,7.315,<0.010,28.397,97,I,Clean
SELANGOR,KLANG,101.750134,3.232191,1K45,2BKLG005,KLANG GATE,2,KLANG,8/3/2023,12:35:00 PM,116.913,8.913,<1.000,2,<1.000,6.806,0.02,29.506,98,I,Clean
SELANGOR,KLANG,101.750134,3.232191,1K45,2BKLG005,KLANG GATE,3,KLANG,17/5/2023,11:40:00 AM,99.208,7.581,<1.000,6,3,6.479,0.12,29.365,95,I,Clean
SELANGOR,KLANG,101.750134,3.232191,1K45,2BKLG005,KLANG GATE,4,KLANG,12/7/2023,11:53:00 AM,104.539,7.97,1,20,14,7.129,0.03,29.504,93,I,Clean
SELANGOR,KLANG,101.750134,3.232191,1K45,2BKLG005,KLANG GATE,5,KLANG,11/9/2023,11:35:00 AM,100.091,7.699,<1.000,9,2,7.125,0.02,29.001,96,I,Clean
SELANGOR,KLANG,101.750134,3.232191,1K45,2BKLG005,KLANG GATE,6,KLANG,10/11/2023,12:03:00 PM,89.399,6.875,<1.000,5,<1.000,6.399,0.08,29.005,95,I,Clean
SELANGOR,KLANG,101.755936,3.206971,1K46,2BKLG006,ZOO LUAR,1,KLANG,9/1/2023,10:37:00 AM,93.383,7.523,1,7,<1.000,6.982,0.6,26.391,91,II,Clean
SELANGOR,KLANG,101.755936,3.206971,1K46,2BKLG006,ZOO LUAR,2,KLANG,8/3/2023,11:54:00 AM,88.476,6.977,1,4,4,6.902,0.96,27.58,89,II,Clean
SELANGOR,KLANG,101.755936,3.206971,1K46,2BKLG006,ZOO LUAR,3,KLANG,17/5/2023,11:06:00 AM,37.881,2.94,9,31,8,6.606,4.56,28.474,56,III,Polluted
SELANGOR,KLANG,101.755936,3.206971,1K46,2BKLG006,ZOO LUAR,4,KLANG,12/7/2023,11:23:00 AM,96.488,7.785,2,18,16,6.746,0.32,26.304,88,II,Clean
SELANGOR,KLANG,101.755936,3.206971,1K46,2BKLG006,ZOO LUAR,5,KLANG,11/9/2023,11:06:00 AM,94.425,7.287,2,7,4,6.866,0.42,28.805,91,II,Clean
SELANGOR,KLANG,101.755936,3.206971,1K46,2BKLG006,ZOO LUAR,6,KLANG,10/11/2023,11:03:00 AM,94.234,7.678,2,7,10,6.818,0.13,25.766,94,I,Clean
SELANGOR,KLANG,101.376878,3.016563,1K01,2BKLG016,NORTHPORT,1,KLANG,16/1/2023,11:10:00 AM,71.569,5.238,7,31,9,7.221,3.36,30.325,69,III,Slightly Polluted
SELANGOR,KLANG,101.376878,3.016563,1K01,2BKLG016,NORTHPORT,2,KLANG,10/3/2023,11:17:00 AM,55.777,4.068,3,22,63,7.047,3.25,29.233,65,III,Slightly Polluted
SELANGOR,KLANG,101.376878,3.016563,1K01,2BKLG016,NORTHPORT,3,KLANG,4/5/2023,10:58:00 AM,48.262,3.718,5,15,57,6.669,0.71,28.876,69,III,Slightly Polluted
SELANGOR,KLANG,101.376878,3.016563,1K01,2BKLG016,NORTHPORT,4,KLANG,5/7/2023,11:29:00 AM,65.401,4.732,4,34,60,7.317,4.71,29.874,64,III,Slightly Polluted
SELANGOR,KLANG,101.376878,3.016563,1K01,2BKLG016,NORTHPORT,5,KLANG,7/9/2023,10:51:00 AM,43.436,3.21,3,22,11,6.99,2.39,29.015,67,III,Slightly Polluted
SELANGOR,KLANG,101.376878,3.016563,1K01,2BKLG016,NORTHPORT,6,KLANG,7/11/2023,10:52:00 AM,64.353,4.925,4,11,28,7.306,1.26,29.262,76,III,Slightly Polluted
SELANGOR,KLANG,101.446625,3.045897,1K02,2BKLG022,BANDAR KLANG,1,KLANG,16/1/2023,11:41:00 AM,49.563,3.83,13,37,10,7.208,3.12,28.665,58,III,Polluted
SELANGOR,KLANG,101.446625,3.045897,1K02,2BKLG022,BANDAR KLANG,2,KLANG,10/3/2023,12:02:00 PM,52.33,4.009,9,33,91,7.321,4.18,29.138,54,III,Polluted
SELANGOR,KLANG,101.446625,3.045897,1K02,2BKLG022,BANDAR KLANG,3,KLANG,4/5/2023,11:39:00 AM,54.184,4.211,5,13,59,6.71,0.88,28.398,71,III,Slightly Polluted
SELANGOR,KLANG,101.446625,3.045897,1K02,2BKLG022,BANDAR KLANG,4,KLANG,5/7/2023,11:59:00 AM,53.256,4.108,15,38,67,7.515,4.84,28.74,51,IV,Polluted
SELANGOR,KLANG,101.446625,3.045897,1K02,2BKLG022,BANDAR KLANG,5,KLANG,7/9/2023,12:13:00 PM,52.996,4.146,3,18,9,7.213,2.59,27.999,70,III,Slightly Polluted
SELANGOR,KLANG,101.446625,3.045897,1K02,2BKLG022,BANDAR KLANG,6,KLANG,7/11/2023,11:28:00 AM,53.849,4.172,3,8,15,7.099,1.56,28.571,74,III,Slightly Polluted
SELANGOR,KLANG,101.472604,3.042362,1K03,2BKLG023,TNB CONOUGHT,1,KLANG,16/1/2023,12:07:00 PM,53.438,4.13,6,25,6,7.273,3.3,28.689,66,III,Slightly Polluted
SELANGOR,KLANG,101.472604,3.042362,1K03,2BKLG023,TNB CONOUGHT,2,KLANG,10/3/2023,12:26:00 PM,54.683,4.268,17,63,109,7.368,2.25,28.143,51,IV,Polluted
SELANGOR,KLANG,101.472604,3.042362,1K03,2BKLG023,TNB CONOUGHT,3,KLANG,4/5/2023,11:57:00 AM,48.904,3.823,6,23,47,6.699,0.94,28.064,67,III,Slightly Polluted
SELANGOR,KLANG,101.472604,3.042362,1K03,2BKLG023,TNB CONOUGHT,4,KLANG,5/7/2023,12:17:00 PM,54.169,4.235,21,152,410,7.543,3.33,28.046,36,IV,Polluted
SELANGOR,KLANG,101.472604,3.042362,1K03,2BKLG023,TNB CONOUGHT,5,KLANG,7/9/2023,12:31:00 PM,53.213,4.173,3,15,16,7.103,2.83,27.871,69,III,Slightly Polluted
SELANGOR,KLANG,101.472604,3.042362,1K03,2BKLG023,TNB CONOUGHT,6,KLANG,7/11/2023,11:47:00 AM,48.037,3.731,7,23,40,6.991,1.38,28.412,66,III,Slightly Polluted
SELANGOR,KLANG,101.550903,3.029567,1K04,2BKLG024,HICOM,1,KLANG,16/1/2023,1:12:00 PM,51.93,4.009,<1.000,36,11,7.205,4.34,28.773,65,III,Slightly Polluted
SELANGOR,KLANG,101.550903,3.029567,1K04,2BKLG024,HICOM,2,KLANG,10/3/2023,1:26:00 PM,57.449,4.508,10,26,22,7.118,2.46,27.847,64,III,Slightly Polluted
SELANGOR,KLANG,101.550903,3.029567,1K04,2BKLG024,HICOM,3,KLANG,4/5/2023,1:15:00 PM,65.161,5.026,5,13,43,6.877,0.59,28.817,77,II,Slightly Polluted
SELANGOR,KLANG,101.550903,3.029567,1K04,2BKLG024,HICOM,4,KLANG,5/7/2023,1:18:00 PM,49.636,3.891,11,31,48,7.327,2.11,27.89,59,III,Polluted
SELANGOR,KLANG,101.550903,3.029567,1K04,2BKLG024,HICOM,5,KLANG,7/9/2023,1:24:00 PM,60.035,4.619,4,26,24,7.151,3.79,28.956,66,III,Slightly Polluted
SELANGOR,KLANG,101.550903,3.029567,1K04,2BKLG024,HICOM,6,KLANG,7/11/2023,12:52:00 PM,62.214,4.854,6,18,57,7.12,1.91,28.159,69,III,Slightly Polluted
SELANGOR,KLANG,101.596586,3.020628,1K05,2BKLG034,PUCHONG,1,KLANG,16/1/2023,1:52:00 PM,60.752,4.693,11,38,27,7.257,5.04,28.715,59,III,Polluted
SELANGOR,KLANG,101.596586,3.020628,1K05,2BKLG034,PUCHONG,2,KLANG,10/3/2023,1:57:00 PM,72.074,5.613,8,28,12,7.218,3.45,28.277,69,III,Slightly Polluted
SELANGOR,KLANG,101.596586,3.020628,1K05,2BKLG034,PUCHONG,3,KLANG,4/5/2023,1:52:00 PM,72.325,5.571,6,16,27,6.993,1.06,28.891,77,II,Slightly Polluted
SELANGOR,KLANG,101.596586,3.020628,1K05,2BKLG034,PUCHONG,4,KLANG,5/7/2023,1:42:00 PM,72.971,5.728,11,29,50,7.386,2.43,27.823,66,III,Slightly Polluted
SELANGOR,KLANG,101.596586,3.020628,1K05,2BKLG034,PUCHONG,5,KLANG,7/9/2023,1:49:00 PM,68.006,5.252,3,23,21,7.187,4.2,28.736,70,III,Slightly Polluted
SELANGOR,KLANG,101.596586,3.020628,1K05,2BKLG034,PUCHONG,6,KLANG,7/11/2023,1:24:00 PM,69.286,5.361,7,18,37,7.166,2.51,28.633,70,III,Slightly Polluted
SELANGOR,KLANG,101.534036,3.038944,1K40,2BKLG050,SEKSYEN 25 SHAH ALAM OVITA OIL,1,KLANG,16/1/2023,12:35:00 PM,51.628,3.976,9,31,27,7.181,3.46,28.906,60,III,Slightly Polluted
SELANGOR,KLANG,101.534036,3.038944,1K40,2BKLG050,SEKSYEN 25 SHAH ALAM OVITA OIL,2,KLANG,10/3/2023,12:54:00 PM,47.947,3.716,16,39,51,6.901,2.45,28.539,54,III,Polluted
SELANGOR,KLANG,101.534036,3.038944,1K40,2BKLG050,SEKSYEN 25 SHAH ALAM OVITA OIL,3,KLANG,4/5/2023,12:43:00 PM,67.338,5.172,3,11,58,6.837,0.75,29.061,78,II,Slightly Polluted
SELANGOR,KLANG,101.534036,3.038944,1K40,2BKLG050,SEKSYEN 25 SHAH ALAM OVITA OIL,4,KLANG,5/7/2023,12:46:00 PM,65.281,5.114,7,35,80,7.349,1.37,27.941,67,III,Slightly Polluted
SELANGOR,KLANG,101.534036,3.038944,1K40,2BKLG050,SEKSYEN 25 SHAH ALAM OVITA OIL,5,KLANG,7/9/2023,1:00:00 PM,54.478,4.217,4,23,64,7.143,3.79,28.611,62,III,Slightly Polluted
SELANGOR,KLANG,101.534036,3.038944,1K40,2BKLG050,SEKSYEN 25 SHAH ALAM OVITA OIL,6,KLANG,7/11/2023,12:18:00 PM,60.743,4.7,6,21,145,7.106,1.43,28.641,67,III,Slightly Polluted
WPKL,KLANG,101.664382,3.082549,1K06,2WKLG001,BALAI POLIS PETALING,1,KLANG,4/1/2023,1:00:00 PM,65.823,5.142,11,33,18,7.215,3.85,28.091,63,III,Slightly Polluted
WPKL,KLANG,101.664382,3.082549,1K06,2WKLG001,BALAI POLIS PETALING,2,KLANG,7/3/2023,2:00:00 PM,76.435,5.951,7,22,18,7.284,3.3,28.265,71,III,Slightly Polluted
WPKL,KLANG,101.664382,3.082549,1K06,2WKLG001,BALAI POLIS PETALING,3,KLANG,9/5/2023,12:44:00 PM,67.978,5.231,4,17,18,7.061,3.6,28.942,71,III,Slightly Polluted
WPKL,KLANG,101.664382,3.082549,1K06,2WKLG001,BALAI POLIS PETALING,4,KLANG,6/7/2023,12:57:00 PM,74.927,5.835,8,22,27,7.193,2.99,28.233,70,III,Slightly Polluted
WPKL,KLANG,101.664382,3.082549,1K06,2WKLG001,BALAI POLIS PETALING,5,KLANG,6/9/2023,1:49:00 PM,71.113,5.634,13,30,62,7.352,2.11,27.31,64,III,Slightly Polluted
WPKL,KLANG,101.664382,3.082549,1K06,2WKLG001,BALAI POLIS PETALING,6,KLANG,6/11/2023,12:36:00 PM,72.527,5.61,4,13,20,7.418,2.93,28.645,74,III,Slightly Polluted
WPKL,KLANG,101.694807,3.138222,1K07,2WKLG002,JALAN SULTAN SULAIMAN,1,KLANG,7/1/2023,10:51:00 AM,67.102,5.339,9,24,110,7.132,1.03,27.071,68,III,Slightly Polluted
WPKL,KLANG,101.694807,3.138222,1K07,2WKLG002,JALAN SULTAN SULAIMAN,2,KLANG,16/3/2023,11:06:00 AM,66.478,5.337,9,29,15,7.069,4,26.553,65,III,Slightly Polluted
WPKL,KLANG,101.694807,3.138222,1K07,2WKLG002,JALAN SULTAN SULAIMAN,3,KLANG,15/5/2023,10:30:00 AM,67.452,5.294,7,29,18,7.253,3.34,27.825,67,III,Slightly Polluted
WPKL,KLANG,101.694807,3.138222,1K07,2WKLG002,JALAN SULTAN SULAIMAN,4,KLANG,17/7/2023,11:54:00 AM,71.82,5.574,3,16,20,7.092,3.44,28.465,73,III,Slightly Polluted
WPKL,KLANG,101.694807,3.138222,1K07,2WKLG002,JALAN SULTAN SULAIMAN,5,KLANG,14/9/2023,11:04:00 AM,72.423,5.542,6,29,32,7.092,0.08,29.266,81,II,Clean
WPKL,KLANG,101.694807,3.138222,1K07,2WKLG002,JALAN SULTAN SULAIMAN,6,KLANG,14/11/2023,11:03:00 AM,61.109,4.855,6,14,20,6.953,1.78,27.145,73,III,Slightly Polluted
WPKL,KLANG,101.701133,3.155487,1K08,2WKLG003,DANG WANGI,1,KLANG,7/1/2023,11:24:00 AM,85.233,6.851,15,39,134,7.424,0.99,26.494,66,III,Slightly Polluted
WPKL,KLANG,101.701133,3.155487,1K08,2WKLG003,DANG WANGI,2,KLANG,16/3/2023,11:28:00 AM,71.946,5.649,11,31,18,7.101,3.24,27.804,66,III,Slightly Polluted
WPKL,KLANG,101.701133,3.155487,1K08,2WKLG003,DANG WANGI,3,KLANG,15/5/2023,10:50:00 AM,84.453,6.704,5,24,20,7.411,0.09,27.184,86,II,Clean
WPKL,KLANG,101.701133,3.155487,1K08,2WKLG003,DANG WANGI,4,KLANG,17/7/2023,12:13:00 PM,72.26,5.613,10,24,19,7.165,2.15,28.412,70,III,Slightly Polluted
WPKL,KLANG,101.701133,3.155487,1K08,2WKLG003,DANG WANGI,5,KLANG,14/9/2023,11:26:00 AM,67.886,5.345,3,29,23,7.102,0.09,27.641,83,II,Clean
WPKL,KLANG,101.701133,3.155487,1K08,2WKLG003,DANG WANGI,6,KLANG,14/11/2023,11:28:00 AM,61.486,4.978,4,17,35,6.972,1.97,26.101,72,III,Slightly Polluted
WPKL,KLANG,101.676438,3.12083,1K25,2WKLG004,KG.ABDULLAH HUKUM,1,KLANG,10/1/2023,11:48:00 AM,73.641,5.973,11,34,59,7.191,1.62,26.001,67,III,Slightly Polluted
WPKL,KLANG,101.676438,3.12083,1K25,2WKLG004,KG.ABDULLAH HUKUM,2,KLANG,9/3/2023,1:31:00 PM,65.674,5.099,16,41,39,7.115,3.47,28.434,57,III,Polluted
WPKL,KLANG,101.676438,3.12083,1K25,2WKLG004,KG.ABDULLAH HUKUM,3,KLANG,8/5/2023,12:53:00 PM,67.851,5.198,4,23,17,7.427,2.49,29.191,72,III,Slightly Polluted
WPKL,KLANG,101.676438,3.12083,1K25,2WKLG004,KG.ABDULLAH HUKUM,4,KLANG,18/7/2023,12:22:00 PM,62.822,5,5,32,30,7.121,2.33,27.041,68,III,Slightly Polluted
WPKL,KLANG,101.676438,3.12083,1K25,2WKLG004,KG.ABDULLAH HUKUM,5,KLANG,18/9/2023,12:26:00 PM,70.409,5.513,5,25,143,7.083,1.66,27.97,69,III,Slightly Polluted
WPKL,KLANG,101.676438,3.12083,1K25,2WKLG004,KG.ABDULLAH HUKUM,6,KLANG,14/11/2023,10:39:00 AM,67.416,5.319,4,10,16,6.98,1.68,27.538,77,II,Slightly Polluted
WPKL,KLANG,101.73497,3.164633,1K09,2WKLG049,BERHAMPIRAN BALAI BOMBA KERAMAT,1,KLANG,11/1/2023,1:04:00 PM,76.865,6.144,11,32,23,7.302,2.23,26.808,69,III,Slightly Polluted
WPKL,KLANG,101.73497,3.164633,1K09,2WKLG049,BERHAMPIRAN BALAI BOMBA KERAMAT,2,KLANG,16/3/2023,12:05:00 PM,79.107,6.237,9,43,12,7.179,4.25,27.565,66,III,Slightly Polluted
WPKL,KLANG,101.73497,3.164633,1K09,2WKLG049,BERHAMPIRAN BALAI BOMBA KERAMAT,3,KLANG,15/5/2023,11:48:00 AM,75.786,5.894,5,31,10,7.124,4.33,28.338,70,III,Slightly Polluted
WPKL,KLANG,101.73497,3.164633,1K09,2WKLG049,BERHAMPIRAN BALAI BOMBA KERAMAT,4,KLANG,11/7/2023,1:35:00 PM,82.742,6.457,7,24,20,7.04,2.47,28.16,74,III,Slightly Polluted
WPKL,KLANG,101.73497,3.164633,1K09,2WKLG049,BERHAMPIRAN BALAI BOMBA KERAMAT,5,KLANG,12/9/2023,12:16:00 PM,81.79,6.333,4,12,17,7.041,1.29,28.607,81,II,Clean
WPKL,KLANG,101.73497,3.164633,1K09,2WKLG049,BERHAMPIRAN BALAI BOMBA KERAMAT,6,KLANG,18/11/2023,11:39:00 AM,70.288,5.54,6,25,20,7.048,1.82,27.593,73,III,Slightly Polluted
